Wk,Day,Date,Time,Home,xG,Score,xG.1,Away,Attendance,Venue,Referee,Match Report,Notes
1.0,Thu,2024-08-15,19:00,Athletic Club,0.3,1–1,0.8,Getafe,47845.0,San Mamés,Alejandro Muñíz,Match Report,
1.0,Thu,2024-08-15,21:30,Betis,1.4,1–1,1.6,Girona,54084.0,Estadio Benito Villamarín,Miguel Ángel Ortiz Arias,Match Report,
1.0,Fri,2024-08-16,19:00,Celta Vigo,0.8,2–1,1.6,Alavés,22477.0,Estadio Abanca Balaídos,Alejandro Quintero,Match Report,
1.0,Fri,2024-08-16,20:30,Las Palmas,1.4,2–2,1.8,Sevilla,24843.0,Estadio de Gran Canaria,Francisco Hernández,Match Report,
1.0,Sat,2024-08-17,19:00,Osasuna,1.7,1–1,1.0,Leganés,19561.0,Estadio El Sadar,Juan Pulido,Match Report,
1.0,Sat,2024-08-17,21:30,Valencia,1.0,1–2,3.2,Barcelona,46673.0,Estadio de Mestalla,Jose Maria Sánchez,Match Report,
1.0,Sun,2024-08-18,19:00,Real Sociedad,1.1,1–2,1.1,Rayo Vallecano,31763.0,Reale Arena,Alejandro Hernández,Match Report,
1.0,Sun,2024-08-18,21:30,Mallorca,1.0,1–1,0.6,Real Madrid,23010.0,Estadi Mallorca Son Moix,César Soto,Match Report,
1.0,Mon,2024-08-19,19:00,Valladolid,0.8,1–0,0.7,Espanyol,22027.0,Estadio Municipal José Zorrilla,Pablo González,Match Report,
1.0,Mon,2024-08-19,21:30,Villarreal,0.8,2–2,1.1,Atlético Madrid,21566.0,Estadio de la Cerámica,Guillermo Cuadra,Match Report,
2.0,Fri,2024-08-23,19:00,Celta Vigo,1.3,3–1,0.9,Valencia,23519.0,Estadio Abanca Balaídos,José Luis Munuera,Match Report,
2.0,Fri,2024-08-23,21:30,Sevilla,1.0,1–2,0.9,Villarreal,34004.0,Estadio Ramón Sánchez Pizjuán,Isidro Díaz de Mera,Match Report,
2.0,Sat,2024-08-24,17:00,Osasuna,0.6,1–0,0.6,Mallorca,19900.0,Estadio El Sadar,Adrián Cordero,Match Report,
2.0,Sat,2024-08-24,19:00,Barcelona,1.8,2–1,1.0,Athletic Club,46448.0,Estadi Olímpic Lluís Companys,Jesús Gil,Match Report,
2.0,Sat,2024-08-24,21:30,Getafe,0.5,0–0,0.2,Rayo Vallecano,9529.0,Coliseum Alfonso Pérez,Javier Alberola,Match Report,
2.0,Sat,2024-08-24,21:30,Espanyol,1.6,0–1,0.8,Real Sociedad,20900.0,RCDE Stadium,Mario Melero,Match Report,
2.0,Sun,2024-08-25,17:00,Real Madrid,2.1,3–0,0.4,Valladolid,70178.0,Estadio Santiago Bernabéu,Víctor García,Match Report,
2.0,Sun,2024-08-25,19:00,Leganés,1.5,2–1,0.9,Las Palmas,10052.0,Estadio Municipal de Butarque,Ricardo de Burgos,Match Report,
2.0,Sun,2024-08-25,19:15,Alavés,0.2,0–0,1.5,Betis,16623.0,Estadio de Mendizorroza,Mateo Busquets,Match Report,
2.0,Sun,2024-08-25,21:30,Atlético Madrid,1.2,3–0,0.7,Girona,60414.0,Riyadh Air Metropolitan Stadium,Juan Martínez,Match Report,
3.0,Mon,2024-08-26,21:30,Villarreal,3.6,4–3,2.7,Celta Vigo,19651.0,Estadio de la Cerámica,Miguel Ángel Ortiz Arias,Match Report,
3.0,Tue,2024-08-27,19:00,Mallorca,0.9,0–0,0.7,Sevilla,20470.0,Estadi Mallorca Son Moix,Alejandro Muñíz,Match Report,
3.0,Tue,2024-08-27,21:30,Rayo Vallecano,0.4,1–2,1.4,Barcelona,14031.0,Campo de Fútbol de Vallecas,César Soto,Match Report,
3.0,Wed,2024-08-28,19:00,Athletic Club,1.4,1–0,0.1,Valencia,48644.0,San Mamés,Pablo González,Match Report,
3.0,Wed,2024-08-28,19:00,Valladolid,1.1,0–0,0.2,Leganés,21764.0,Estadio Municipal José Zorrilla,Alejandro Quintero,Match Report,
3.0,Wed,2024-08-28,21:30,Atlético Madrid,2.3,0–0,0.6,Espanyol,56669.0,Riyadh Air Metropolitan Stadium,Ricardo de Burgos,Match Report,
3.0,Wed,2024-08-28,21:30,Real Sociedad,1.0,1–2,1.6,Alavés,32220.0,Reale Arena,Jose Maria Sánchez,Match Report,
3.0,Thu,2024-08-29,19:00,Girona,2.4,4–0,0.0,Osasuna,13275.0,Estadi Municipal de Montilivi,Francisco Hernández,Match Report,
3.0,Thu,2024-08-29,20:30,Las Palmas,0.8,1–1,2.5,Real Madrid,31192.0,Estadio de Gran Canaria,Mateo Busquets,Match Report,
4.0,Sat,2024-08-31,17:00,Barcelona,4.7,7–0,0.5,Valladolid,44359.0,Estadi Olímpic Lluís Companys,Isidro Díaz de Mera,Match Report,
4.0,Sat,2024-08-31,19:00,Athletic Club,0.3,0–1,1.7,Atlético Madrid,48617.0,San Mamés,Alejandro Hernández,Match Report,
4.0,Sat,2024-08-31,19:15,Espanyol,1.6,2–1,1.3,Rayo Vallecano,22405.0,RCDE Stadium,Adrián Cordero,Match Report,
4.0,Sat,2024-08-31,21:30,Valencia,1.1,1–1,0.5,Villarreal,43857.0,Estadio de Mestalla,Jesús Gil,Match Report,
4.0,Sat,2024-08-31,21:30,Leganés,0.3,0–1,1.0,Mallorca,10482.0,Estadio Municipal de Butarque,Mario Melero,Match Report,
4.0,Sun,2024-09-01,17:00,Alavés,2.0,2–0,0.7,Las Palmas,16386.0,Estadio de Mendizorroza,Víctor García,Match Report,
4.0,Sun,2024-09-01,17:00,Osasuna,0.9,3–2,1.7,Celta Vigo,19908.0,Estadio El Sadar,Juan Martínez,Match Report,
4.0,Sun,2024-09-01,19:00,Sevilla,0.9,0–2,1.9,Girona,35735.0,Estadio Ramón Sánchez Pizjuán,Jose Maria Sánchez,Match Report,
4.0,Sun,2024-09-01,19:15,Getafe,0.6,0–0,0.0,Real Sociedad,10929.0,Coliseum Alfonso Pérez,José Luis Munuera,Match Report,
4.0,Sun,2024-09-01,21:30,Real Madrid,2.4,2–0,0.6,Betis,73072.0,Estadio Santiago Bernabéu,Javier Alberola,Match Report,
5.0,Fri,2024-09-13,21:00,Betis,2.1,2–0,0.1,Leganés,48089.0,Estadio Benito Villamarín,Pablo González,Match Report,
5.0,Sat,2024-09-14,14:00,Mallorca,0.3,1–2,1.8,Villarreal,18303.0,Estadi Mallorca Son Moix,Ricardo de Burgos,Match Report,
5.0,Sat,2024-09-14,16:15,Espanyol,1.6,3–2,1.9,Alavés,24238.0,RCDE Stadium,Juan Pulido,Match Report,
5.0,Sat,2024-09-14,18:30,Sevilla,1.4,1–0,1.0,Getafe,32643.0,Estadio Ramón Sánchez Pizjuán,Mateo Busquets,Match Report,
5.0,Sat,2024-09-14,21:00,Real Sociedad,1.1,0–2,2.3,Real Madrid,37370.0,Reale Arena,Juan Martínez,Match Report,
5.0,Sun,2024-09-15,14:00,Celta Vigo,1.8,3–1,0.5,Valladolid,21670.0,Estadio Abanca Balaídos,Francisco Hernández,Match Report,
5.0,Sun,2024-09-15,16:15,Girona,1.3,1–4,1.9,Barcelona,13891.0,Estadi Municipal de Montilivi,Alejandro Muñíz,Match Report,
5.0,Sun,2024-09-15,17:30,Las Palmas,1.4,2–3,1.7,Athletic Club,25908.0,Estadio de Gran Canaria,Miguel Ángel Ortiz Arias,Match Report,
5.0,Sun,2024-09-15,21:00,Atlético Madrid,3.1,3–0,0.1,Valencia,61752.0,Riyadh Air Metropolitan Stadium,César Soto,Match Report,
5.0,Mon,2024-09-16,21:00,Rayo Vallecano,1.6,3–1,0.3,Osasuna,13073.0,Campo de Fútbol de Vallecas,Alejandro Quintero,Match Report,
7.0,Tue,2024-09-17,19:00,Mallorca,1.2,1–0,0.6,Real Sociedad,17132.0,Estadi Mallorca Son Moix,Adrián Cordero,Match Report,
3.0,Wed,2024-09-18,19:00,Betis,2.6,2–1,0.6,Getafe,48547.0,Estadio Benito Villamarín,Juan Pulido,Match Report,
7.0,Thu,2024-09-19,19:00,Leganés,0.9,0–2,1.3,Athletic Club,8304.0,Estadio Municipal de Butarque,Francisco Hernández,Match Report,
6.0,Fri,2024-09-20,21:00,Alavés,1.1,2–1,0.5,Sevilla,16538.0,Estadio de Mendizorroza,Javier Alberola,Match Report,
6.0,Sat,2024-09-21,14:00,Valladolid,1.0,0–0,1.4,Real Sociedad,21171.0,Estadio Municipal José Zorrilla,Guillermo Cuadra,Match Report,
6.0,Sat,2024-09-21,16:15,Osasuna,1.9,2–1,0.8,Las Palmas,19043.0,Estadio El Sadar,Isidro Díaz de Mera,Match Report,
6.0,Sat,2024-09-21,18:30,Valencia,0.4,2–0,0.4,Girona,40896.0,Estadio de Mestalla,Alejandro Hernández,Match Report,
6.0,Sat,2024-09-21,21:00,Real Madrid,4.4,4–1,0.3,Espanyol,17284.0,Estadio Santiago Bernabéu,José Luis Munuera,Match Report,
6.0,Sun,2024-09-22,14:00,Getafe,1.5,1–1,0.6,Leganés,13060.0,Coliseum Alfonso Pérez,Adrián Cordero,Match Report,
6.0,Sun,2024-09-22,16:15,Athletic Club,0.7,3–1,1.3,Celta Vigo,48737.0,San Mamés,Jose Maria Sánchez,Match Report,
6.0,Sun,2024-09-22,18:30,Villarreal,2.2,1–5,3.9,Barcelona,22048.0,Estadio de la Cerámica,Mateo Busquets,Match Report,
6.0,Sun,2024-09-22,21:00,Rayo Vallecano,1.7,1–1,0.5,Atlético Madrid,13646.0,Campo de Fútbol de Vallecas,Mario Melero,Match Report,
6.0,Mon,2024-09-23,21:00,Betis,1.0,1–2,1.0,Mallorca,47017.0,Estadio Benito Villamarín,Víctor García,Match Report,
7.0,Tue,2024-09-24,19:00,Sevilla,2.1,2–1,0.7,Valladolid,35292.0,Estadio Ramón Sánchez Pizjuán,Juan Pulido,Match Report,
7.0,Tue,2024-09-24,19:00,Valencia,0.7,0–0,0.5,Osasuna,40425.0,Estadio de Mestalla,Miguel Ángel Ortiz Arias,Match Report,
7.0,Tue,2024-09-24,21:00,Real Madrid,1.3,3–2,0.9,Alavés,67480.0,Estadio Santiago Bernabéu,Alejandro Muñíz,Match Report,
7.0,Wed,2024-09-25,19:00,Girona,2.0,0–0,0.5,Rayo Vallecano,12272.0,Estadi Municipal de Montilivi,Juan Martínez,Match Report,
7.0,Wed,2024-09-25,21:00,Barcelona,1.9,1–0,0.7,Getafe,44407.0,Estadi Olímpic Lluís Companys,Pablo González,Match Report,
7.0,Thu,2024-09-26,18:00,Las Palmas,1.0,1–1,1.9,Betis,22722.0,Estadio de Gran Canaria,Jose Maria Sánchez,Match Report,
7.0,Thu,2024-09-26,19:00,Espanyol,0.4,1–2,1.6,Villarreal,23147.0,RCDE Stadium,Alejandro Quintero,Match Report,
7.0,Thu,2024-09-26,21:00,Celta Vigo,1.5,0–1,0.6,Atlético Madrid,21533.0,Estadio Abanca Balaídos,Víctor García,Match Report,
8.0,Fri,2024-09-27,21:00,Valladolid,1.2,1–2,2.2,Mallorca,20388.0,Estadio Municipal José Zorrilla,José Luis Munuera,Match Report,
8.0,Sat,2024-09-28,14:00,Getafe,2.1,2–0,0.5,Alavés,10006.0,Coliseum Alfonso Pérez,Isidro Díaz de Mera,Match Report,
8.0,Sat,2024-09-28,16:15,Rayo Vallecano,0.9,1–1,0.9,Leganés,13186.0,Campo de Fútbol de Vallecas,Alejandro Muñíz,Match Report,
8.0,Sat,2024-09-28,18:30,Real Sociedad,3.4,3–0,0.8,Valencia,32332.0,Reale Arena,Javier Alberola,Match Report,
8.0,Sat,2024-09-28,21:00,Osasuna,2.2,4–2,0.8,Barcelona,22322.0,Estadio El Sadar,Guillermo Cuadra,Match Report,
8.0,Sun,2024-09-29,14:00,Celta Vigo,0.5,1–1,0.8,Girona,21347.0,Estadio Abanca Balaídos,Ricardo de Burgos,Match Report,
8.0,Sun,2024-09-29,16:15,Athletic Club,2.0,1–1,1.1,Sevilla,48288.0,San Mamés,César Soto,Match Report,
8.0,Sun,2024-09-29,18:30,Betis,2.1,1–0,0.5,Espanyol,53065.0,Estadio Benito Villamarín,Alejandro Hernández,Match Report,
8.0,Sun,2024-09-29,21:00,Atlético Madrid,1.3,1–1,0.8,Real Madrid,70112.0,Riyadh Air Metropolitan Stadium,Mateo Busquets,Match Report,
8.0,Mon,2024-09-30,21:00,Villarreal,2.8,3–1,0.9,Las Palmas,18159.0,Estadio de la Cerámica,Mario Melero,Match Report,
9.0,Fri,2024-10-04,21:00,Leganés,0.8,0–0,0.5,Valencia,10958.0,Estadio Municipal de Butarque,Alejandro Quintero,Match Report,
9.0,Sat,2024-10-05,14:00,Espanyol,0.9,2–1,1.6,Mallorca,24434.0,RCDE Stadium,Francisco Hernández,Match Report,
9.0,Sat,2024-10-05,16:15,Getafe,0.8,1–1,0.3,Osasuna,10670.0,Coliseum Alfonso Pérez,Jose Maria Sánchez,Match Report,
9.0,Sat,2024-10-05,17:30,Las Palmas,1.3,0–1,0.8,Celta Vigo,21482.0,Estadio de Gran Canaria,Adrián Cordero,Match Report,
9.0,Sat,2024-10-05,18:30,Valladolid,2.0,1–2,1.5,Rayo Vallecano,21112.0,Estadio Municipal José Zorrilla,Pablo González,Match Report,
9.0,Sat,2024-10-05,21:00,Real Madrid,0.5,2–0,1.1,Villarreal,73842.0,Estadio Santiago Bernabéu,Guillermo Cuadra,Match Report,
9.0,Sun,2024-10-06,14:00,Girona,1.9,2–1,3.1,Athletic Club,13396.0,Estadi Municipal de Montilivi,Juan Pulido,Match Report,
9.0,Sun,2024-10-06,16:15,Alavés,0.7,0–3,2.7,Barcelona,19468.0,Estadio de Mendizorroza,Miguel Ángel Ortiz Arias,Match Report,
9.0,Sun,2024-10-06,18:30,Sevilla,1.4,1–0,0.6,Betis,42571.0,Estadio Ramón Sánchez Pizjuán,Juan Martínez,Match Report,
9.0,Sun,2024-10-06,21:00,Real Sociedad,1.0,1–1,0.5,Atlético Madrid,31983.0,Reale Arena,Isidro Díaz de Mera,Match Report,
10.0,Fri,2024-10-18,21:00,Alavés,0.5,2–3,2.4,Valladolid,16904.0,Estadio de Mendizorroza,Mario Melero,Match Report,
10.0,Sat,2024-10-19,14:00,Athletic Club,1.3,4–1,0.2,Espanyol,46713.0,San Mamés,Mateo Busquets,Match Report,
10.0,Sat,2024-10-19,16:15,Osasuna,2.0,1–2,2.1,Betis,21045.0,Estadio El Sadar,Alejandro Muñíz,Match Report,
10.0,Sat,2024-10-19,18:30,Girona,0.4,0–1,1.7,Real Sociedad,12602.0,Estadi Municipal de Montilivi,César Soto,Match Report,
10.0,Sat,2024-10-19,21:00,Celta Vigo,1.8,1–2,0.7,Real Madrid,24445.0,Estadio Abanca Balaídos,Alejandro Hernández,Match Report,
10.0,Sun,2024-10-20,14:00,Mallorca,2.0,1–0,0.6,Rayo Vallecano,18316.0,Estadi Mallorca Son Moix,Javier Alberola,Match Report,
10.0,Sun,2024-10-20,16:15,Atlético Madrid,4.4,3–1,0.3,Leganés,60122.0,Riyadh Air Metropolitan Stadium,José Luis Munuera,Match Report,
10.0,Sun,2024-10-20,18:30,Villarreal,0.9,1–1,1.9,Getafe,19355.0,Estadio de la Cerámica,Víctor García,Match Report,
10.0,Sun,2024-10-20,21:00,Barcelona,3.8,5–1,1.0,Sevilla,47848.0,Estadi Olímpic Lluís Companys,Ricardo de Burgos,Match Report,
10.0,Mon,2024-10-21,21:00,Valencia,1.6,2–3,1.2,Las Palmas,42453.0,Estadio de Mestalla,Jesús Gil,Match Report,
11.0,Fri,2024-10-25,21:00,Espanyol,1.2,0–2,0.8,Sevilla,23656.0,RCDE Stadium,Miguel Ángel Ortiz Arias,Match Report,
11.0,Sat,2024-10-26,14:00,Valladolid,0.9,1–2,2.0,Villarreal,20178.0,Estadio Municipal José Zorrilla,Francisco Hernández,Match Report,
11.0,Sat,2024-10-26,16:15,Rayo Vallecano,1.9,1–0,0.9,Alavés,13010.0,Campo de Fútbol de Vallecas,Adrián Cordero,Match Report,
11.0,Sat,2024-10-26,17:30,Las Palmas,0.9,1–0,0.6,Girona,21506.0,Estadio de Gran Canaria,Alejandro Quintero,Match Report,
11.0,Sat,2024-10-26,21:00,Real Madrid,1.5,0–4,2.6,Barcelona,78192.0,Estadio Santiago Bernabéu,Jose Maria Sánchez,Match Report,
11.0,Sun,2024-10-27,14:00,Leganés,1.6,3–0,0.9,Celta Vigo,11358.0,Estadio Municipal de Butarque,Mario Melero,Match Report,
11.0,Sun,2024-10-27,16:15,Getafe,2.2,1–1,0.7,Valencia,12412.0,Coliseum Alfonso Pérez,Guillermo Cuadra,Match Report,
11.0,Sun,2024-10-27,18:30,Betis,1.9,1–0,0.5,Atlético Madrid,52621.0,Estadio Benito Villamarín,Jesús Gil,Match Report,
11.0,Sun,2024-10-27,21:00,Real Sociedad,1.6,0–2,1.0,Osasuna,31729.0,Reale Arena,Juan Pulido,Match Report,
11.0,Mon,2024-10-28,21:00,Mallorca,0.5,0–0,0.6,Athletic Club,19797.0,Estadi Mallorca Son Moix,Juan Martínez,Match Report,
12.0,Fri,2024-11-01,21:00,Alavés,1.1,1–0,0.5,Mallorca,17212.0,Estadio de Mendizorroza,Pablo González,Match Report,
12.0,Sat,2024-11-02,14:00,Osasuna,2.2,1–0,0.2,Valladolid,20430.0,Estadio El Sadar,Víctor García,Match Report,
12.0,Sat,2024-11-02,16:15,Girona,2.0,4–3,0.4,Leganés,10839.0,Estadi Municipal de Montilivi,Mateo Busquets,Match Report,
12.0,Sun,2024-11-03,14:00,Atlético Madrid,1.6,2–0,0.0,Las Palmas,56610.0,Riyadh Air Metropolitan Stadium,Ricardo de Burgos,Match Report,
12.0,Sun,2024-11-03,16:15,Barcelona,1.8,3–1,0.9,Espanyol,48843.0,Estadi Olímpic Lluís Companys,José Luis Munuera,Match Report,
12.0,Sun,2024-11-03,18:30,Sevilla,1.1,0–2,1.4,Real Sociedad,37619.0,Estadio Ramón Sánchez Pizjuán,Alejandro Muñíz,Match Report,
12.0,Sun,2024-11-03,21:00,Athletic Club,4.0,1–1,0.9,Betis,46898.0,San Mamés,Javier Alberola,Match Report,
12.0,Mon,2024-11-04,21:00,Celta Vigo,1.9,1–0,0.5,Getafe,19502.0,Estadio Abanca Balaídos,Jesús Gil,Match Report,
13.0,Fri,2024-11-08,21:00,Rayo Vallecano,2.4,1–3,1.1,Las Palmas,12978.0,Campo de Fútbol de Vallecas,Francisco Hernández,Match Report,
13.0,Sat,2024-11-09,14:00,Real Madrid,3.1,4–0,0.1,Osasuna,72462.0,Estadio Santiago Bernabéu,Mario Melero,Match Report,
13.0,Sat,2024-11-09,16:15,Villarreal,1.5,3–0,0.5,Alavés,17659.0,Estadio de la Cerámica,Alejandro Quintero,Match Report,
13.0,Sat,2024-11-09,21:00,Leganés,1.1,1–0,0.6,Sevilla,11167.0,Estadio Municipal de Butarque,Juan Pulido,Match Report,
13.0,Sun,2024-11-10,14:00,Betis,1.6,2–2,1.2,Celta Vigo,54015.0,Estadio Benito Villamarín,Miguel Ángel Ortiz Arias,Match Report,
13.0,Sun,2024-11-10,16:15,Mallorca,0.6,0–1,0.6,Atlético Madrid,19500.0,Estadi Mallorca Son Moix,Jose Maria Sánchez,Match Report,
13.0,Sun,2024-11-10,18:30,Valladolid,0.6,1–1,1.2,Athletic Club,23515.0,Estadio Municipal José Zorrilla,Adrián Cordero,Match Report,
13.0,Sun,2024-11-10,18:30,Getafe,0.6,0–1,0.2,Girona,10923.0,Coliseum Alfonso Pérez,Juan Martínez,Match Report,
13.0,Sun,2024-11-10,21:00,Real Sociedad,2.0,1–0,0.7,Barcelona,36194.0,Reale Arena,Guillermo Cuadra,Match Report,
14.0,Fri,2024-11-22,21:00,Getafe,0.6,2–0,1.1,Valladolid,9991.0,Coliseum Alfonso Pérez,Pablo González,Match Report,
14.0,Sat,2024-11-23,14:00,Valencia,1.5,4–2,1.3,Betis,43975.0,Estadio de Mestalla,Ricardo de Burgos,Match Report,
14.0,Sat,2024-11-23,16:15,Atlético Madrid,1.6,2–1,0.9,Alavés,58910.0,Riyadh Air Metropolitan Stadium,Víctor García,Match Report,
14.0,Sat,2024-11-23,17:30,Las Palmas,1.2,2–3,1.7,Mallorca,22940.0,Estadio de Gran Canaria,Alejandro Muñíz,Match Report,
14.0,Sat,2024-11-23,18:30,Girona,3.5,4–1,0.5,Espanyol,12461.0,Estadi Municipal de Montilivi,Alejandro Hernández,Match Report,
14.0,Sat,2024-11-23,21:00,Celta Vigo,2.5,2–2,1.8,Barcelona,24573.0,Estadio Abanca Balaídos,César Soto,Match Report,
14.0,Sun,2024-11-24,14:00,Osasuna,1.0,2–2,2.5,Villarreal,19795.0,Estadio El Sadar,José Luis Munuera,Match Report,
14.0,Sun,2024-11-24,16:15,Sevilla,1.1,1–0,0.8,Rayo Vallecano,35125.0,Estadio Ramón Sánchez Pizjuán,Mateo Busquets,Match Report,
14.0,Sun,2024-11-24,18:30,Leganés,0.1,0–3,1.8,Real Madrid,12338.0,Estadio Municipal de Butarque,Javier Alberola,Match Report,
14.0,Sun,2024-11-24,21:00,Athletic Club,1.3,1–0,0.5,Real Sociedad,50719.0,San Mamés,Jesús Gil,Match Report,
15.0,Fri,2024-11-29,21:00,Mallorca,0.8,2–1,1.3,Valencia,17717.0,Estadi Mallorca Son Moix,Alejandro Quintero,Match Report,
15.0,Sat,2024-11-30,14:00,Barcelona,2.3,1–2,0.5,Las Palmas,43921.0,Estadi Olímpic Lluís Companys,Adrián Cordero,Match Report,
15.0,Sat,2024-11-30,16:15,Alavés,1.1,1–1,0.9,Leganés,16881.0,Estadio de Mendizorroza,Isidro Díaz de Mera,Match Report,
15.0,Sat,2024-11-30,18:30,Espanyol,0.9,3–1,1.6,Celta Vigo,23792.0,RCDE Stadium,Jose Maria Sánchez,Match Report,
15.0,Sat,2024-11-30,21:00,Valladolid,0.6,0–5,4.0,Atlético Madrid,23482.0,Estadio Municipal José Zorrilla,Guillermo Cuadra,Match Report,
15.0,Sun,2024-12-01,14:00,Villarreal,2.0,2–2,0.5,Girona,17732.0,Estadio de la Cerámica,Miguel Ángel Ortiz Arias,Match Report,
15.0,Sun,2024-12-01,16:15,Real Madrid,3.2,2–0,0.5,Getafe,74341.0,Estadio Santiago Bernabéu,Alejandro Hernández,Match Report,
15.0,Sun,2024-12-01,18:30,Rayo Vallecano,0.2,1–2,0.7,Athletic Club,13639.0,Campo de Fútbol de Vallecas,Mario Melero,Match Report,
15.0,Sun,2024-12-01,21:00,Real Sociedad,0.8,2–0,0.4,Betis,28119.0,Reale Arena,Francisco Hernández,Match Report,
15.0,Mon,2024-12-02,21:00,Sevilla,1.3,1–1,0.7,Osasuna,31536.0,Estadio Ramón Sánchez Pizjuán,Juan Martínez,Match Report,
19.0,Tue,2024-12-03,19:00,Mallorca,0.9,1–5,5.0,Barcelona,22352.0,Estadi Mallorca Son Moix,Jesús Gil,Match Report,
19.0,Wed,2024-12-04,21:00,Athletic Club,1.8,2–1,1.7,Real Madrid,51364.0,San Mamés,Jose Maria Sánchez,Match Report,
16.0,Fri,2024-12-06,21:00,Celta Vigo,0.9,2–0,0.8,Mallorca,22861.0,Estadio Abanca Balaídos,Ricardo de Burgos,Match Report,
16.0,Sat,2024-12-07,13:00,Las Palmas,1.1,2–1,1.3,Valladolid,21610.0,Estadio de Gran Canaria,Isidro Díaz de Mera,Match Report,
16.0,Sat,2024-12-07,16:15,Betis,3.1,2–2,1.9,Barcelona,51749.0,Estadio Benito Villamarín,Alejandro Muñíz,Match Report,
16.0,Sat,2024-12-07,18:30,Valencia,1.3,0–1,0.9,Rayo Vallecano,40968.0,Estadio de Mestalla,José Luis Munuera,Match Report,
16.0,Sat,2024-12-07,21:00,Girona,0.4,0–3,0.9,Real Madrid,13827.0,Estadi Municipal de Montilivi,Jesús Gil,Match Report,
16.0,Sun,2024-12-08,14:00,Leganés,0.7,0–3,1.8,Real Sociedad,11312.0,Estadio Municipal de Butarque,Pablo González,Match Report,
16.0,Sun,2024-12-08,16:15,Athletic Club,1.2,2–0,0.8,Villarreal,47203.0,San Mamés,Víctor García,Match Report,
16.0,Sun,2024-12-08,18:30,Osasuna,1.8,2–2,1.3,Alavés,18220.0,Estadio El Sadar,César Soto,Match Report,
16.0,Sun,2024-12-08,21:00,Atlético Madrid,2.0,4–3,0.4,Sevilla,60065.0,Riyadh Air Metropolitan Stadium,Javier Alberola,Match Report,
16.0,Mon,2024-12-09,21:00,Getafe,0.4,1–0,0.7,Espanyol,7559.0,Coliseum Alfonso Pérez,Mateo Busquets,Match Report,
17.0,Fri,2024-12-13,21:00,Valladolid,0.6,1–0,0.8,Valencia,18449.0,Estadio Municipal José Zorrilla,Miguel Ángel Ortiz Arias,Match Report,
17.0,Sat,2024-12-14,14:00,Espanyol,0.3,0–0,0.3,Osasuna,20513.0,RCDE Stadium,Adrián Cordero,Match Report,
17.0,Sat,2024-12-14,16:15,Mallorca,1.2,2–1,0.8,Girona,15866.0,Estadi Mallorca Son Moix,Francisco Hernández,Match Report,
17.0,Sat,2024-12-14,18:30,Sevilla,0.7,1–0,1.2,Celta Vigo,37295.0,Estadio Ramón Sánchez Pizjuán,Jesús Gil,Match Report,
17.0,Sat,2024-12-14,21:00,Rayo Vallecano,1.6,3–3,0.7,Real Madrid,14168.0,Campo de Fútbol de Vallecas,Juan Martínez,Match Report,
17.0,Sun,2024-12-15,14:00,Atlético Madrid,1.7,1–0,0.2,Getafe,60169.0,Riyadh Air Metropolitan Stadium,César Soto,Match Report,
17.0,Sun,2024-12-15,16:15,Alavés,0.9,1–1,0.7,Athletic Club,19239.0,Estadio de Mendizorroza,Jose Maria Sánchez,Match Report,
17.0,Sun,2024-12-15,18:30,Real Sociedad,1.1,0–0,1.0,Las Palmas,30775.0,Reale Arena,Mario Melero,Match Report,
17.0,Sun,2024-12-15,18:30,Villarreal,1.9,1–2,0.8,Betis,18757.0,Estadio de la Cerámica,Guillermo Cuadra,Match Report,
17.0,Sun,2024-12-15,21:00,Barcelona,2.6,0–1,0.4,Leganés,39523.0,Estadi Olímpic Lluís Companys,Alejandro Quintero,Match Report,
12.0,Wed,2024-12-18,21:30,Villarreal,1.4,1–1,1.5,Rayo Vallecano,14000.0,Estadio de la Cerámica,Alejandro Hernández,Match Report,
13.0,Wed,2024-12-18,21:30,Espanyol,2.1,1–1,2.0,Valencia,18122.0,RCDE Stadium,Pablo González,Match Report,
18.0,Fri,2024-12-20,21:00,Girona,2.5,3–0,0.0,Valladolid,9534.0,Estadi Municipal de Montilivi,Pablo González,Match Report,
18.0,Sat,2024-12-21,14:00,Getafe,0.8,0–1,2.3,Mallorca,9747.0,Coliseum Alfonso Pérez,José Luis Munuera,Match Report,
18.0,Sat,2024-12-21,16:15,Celta Vigo,1.3,2–0,0.3,Real Sociedad,22956.0,Estadio Abanca Balaídos,Mateo Busquets,Match Report,
18.0,Sat,2024-12-21,18:30,Osasuna,0.6,1–2,1.2,Athletic Club,22030.0,Estadio El Sadar,Alejandro Quintero,Match Report,
18.0,Sat,2024-12-21,21:00,Barcelona,2.7,1–2,0.7,Atlético Madrid,46249.0,Estadi Olímpic Lluís Companys,Ricardo de Burgos,Match Report,
18.0,Sun,2024-12-22,14:00,Valencia,1.5,2–2,1.6,Alavés,37586.0,Estadio de Mestalla,Javier Alberola,Match Report,
18.0,Sun,2024-12-22,16:15,Real Madrid,2.0,4–2,1.3,Sevilla,75227.0,Estadio Santiago Bernabéu,Isidro Díaz de Mera,Match Report,
18.0,Sun,2024-12-22,17:30,Las Palmas,0.9,1–0,0.7,Espanyol,23743.0,Estadio de Gran Canaria,César Soto,Match Report,
18.0,Sun,2024-12-22,18:30,Leganés,1.2,2–5,3.3,Villarreal,11034.0,Estadio Municipal de Butarque,Alejandro Muñíz,Match Report,
18.0,Sun,2024-12-22,21:00,Betis,2.1,1–1,0.9,Rayo Vallecano,53121.0,Estadio Benito Villamarín,Víctor García,Match Report,
12.0,Fri,2025-01-03,21:00,Valencia,1.3,1–2,2.7,Real Madrid,46420.0,Estadio de Mestalla,César Soto,Match Report,
19.0,Fri,2025-01-10,21:00,Rayo Vallecano,0.7,2–1,2.1,Celta Vigo,12955.0,Campo de Fútbol de Vallecas,Guillermo Cuadra,Match Report,
19.0,Sat,2025-01-11,14:00,Alavés,1.3,0–1,0.5,Girona,16454.0,Estadio de Mendizorroza,Mateo Busquets,Match Report,
19.0,Sat,2025-01-11,16:15,Valladolid,1.2,1–0,0.7,Betis,21911.0,Estadio Municipal José Zorrilla,Adrián Cordero,Match Report,
19.0,Sat,2025-01-11,18:30,Espanyol,0.7,1–1,2.0,Leganés,26606.0,RCDE Stadium,Juan Martínez,Match Report,
19.0,Sat,2025-01-11,21:00,Sevilla,0.5,1–1,0.7,Valencia,34297.0,Estadio Ramón Sánchez Pizjuán,Francisco Hernández,Match Report,
19.0,Sun,2025-01-12,13:00,Las Palmas,1.3,1–2,1.1,Getafe,23698.0,Estadio de Gran Canaria,Javier Alberola,Match Report,
19.0,Sun,2025-01-12,16:15,Atlético Madrid,2.5,1–0,0.3,Osasuna,64801.0,Riyadh Air Metropolitan Stadium,Isidro Díaz de Mera,Match Report,
19.0,Mon,2025-01-13,21:00,Real Sociedad,0.8,1–0,1.2,Villarreal,20855.0,Reale Arena,César Soto,Match Report,
20.0,Fri,2025-01-17,21:00,Espanyol,1.0,2–1,1.2,Valladolid,23554.0,RCDE Stadium,Ricardo de Burgos,Match Report,
20.0,Sat,2025-01-18,14:00,Girona,1.0,1–2,2.6,Sevilla,12040.0,Estadi Municipal de Montilivi,Juan Martínez,Match Report,
20.0,Sat,2025-01-18,16:15,Leganés,0.5,1–0,2.4,Atlético Madrid,12371.0,Estadio Municipal de Butarque,Mario Melero,Match Report,
20.0,Sat,2025-01-18,18:30,Betis,0.5,1–3,1.5,Alavés,50021.0,Estadio Benito Villamarín,Alejandro Hernández,Match Report,
20.0,Sat,2025-01-18,21:00,Getafe,1.3,1–1,2.3,Barcelona,15134.0,Coliseum Alfonso Pérez,Pablo González,Match Report,
20.0,Sun,2025-01-19,14:00,Celta Vigo,0.6,1–2,1.8,Athletic Club,22279.0,Estadio Abanca Balaídos,Miguel Ángel Ortiz Arias,Match Report,
20.0,Sun,2025-01-19,16:15,Real Madrid,5.9,4–1,1.1,Las Palmas,74808.0,Estadio Santiago Bernabéu,Alejandro Quintero,Match Report,
20.0,Sun,2025-01-19,18:30,Osasuna,0.8,1–1,0.8,Rayo Vallecano,20770.0,Estadio El Sadar,Alejandro Muñíz,Match Report,
20.0,Sun,2025-01-19,21:00,Valencia,1.6,1–0,0.8,Real Sociedad,40791.0,Estadio de Mestalla,Víctor García,Match Report,
20.0,Mon,2025-01-20,21:00,Villarreal,2.4,4–0,0.5,Mallorca,14852.0,Estadio de la Cerámica,José Luis Munuera,Match Report,
21.0,Fri,2025-01-24,20:00,Las Palmas,0.8,1–1,2.6,Osasuna,19762.0,Estadio de Gran Canaria,Jesús Gil,Match Report,
21.0,Sat,2025-01-25,14:00,Mallorca,1.0,0–1,0.4,Betis,19452.0,Estadi Mallorca Son Moix,Javier Alberola,Match Report,
21.0,Sat,2025-01-25,16:15,Atlético Madrid,1.7,1–1,2.2,Villarreal,63596.0,Riyadh Air Metropolitan Stadium,Jose Maria Sánchez,Match Report,
21.0,Sat,2025-01-25,18:30,Sevilla,1.2,1–1,0.7,Espanyol,33602.0,Estadio Ramón Sánchez Pizjuán,Adrián Cordero,Match Report,
21.0,Sat,2025-01-25,21:00,Valladolid,0.2,0–3,2.0,Real Madrid,26025.0,Estadio Municipal José Zorrilla,Mateo Busquets,Match Report,
21.0,Sun,2025-01-26,14:00,Rayo Vallecano,2.4,2–1,1.0,Girona,12405.0,Campo de Fútbol de Vallecas,Isidro Díaz de Mera,Match Report,
21.0,Sun,2025-01-26,16:15,Real Sociedad,0.9,0–3,1.4,Getafe,30004.0,Reale Arena,Guillermo Cuadra,Match Report,
21.0,Sun,2025-01-26,18:30,Athletic Club,2.1,0–0,1.0,Leganés,47612.0,San Mamés,Alejandro Hernández,Match Report,
21.0,Sun,2025-01-26,21:00,Barcelona,4.4,7–1,1.5,Valencia,45312.0,Estadi Olímpic Lluís Companys,César Soto,Match Report,
21.0,Mon,2025-01-27,21:00,Alavés,0.9,1–1,0.1,Celta Vigo,13612.0,Estadio de Mendizorroza,Francisco Hernández,Match Report,
22.0,Fri,2025-01-31,21:00,Leganés,0.9,0–1,2.2,Rayo Vallecano,11432.0,Estadio Municipal de Butarque,Alejandro Quintero,Match Report,
22.0,Sat,2025-02-01,14:00,Getafe,1.0,0–0,0.9,Sevilla,11730.0,Coliseum Alfonso Pérez,Ricardo de Burgos,Match Report,
22.0,Sat,2025-02-01,16:15,Villarreal,3.5,5–1,0.5,Valladolid,17032.0,Estadio de la Cerámica,Isidro Díaz de Mera,Match Report,
22.0,Sat,2025-02-01,18:30,Atlético Madrid,1.3,2–0,0.5,Mallorca,60710.0,Riyadh Air Metropolitan Stadium,Víctor García,Match Report,
22.0,Sat,2025-02-01,21:00,Espanyol,0.3,1–0,1.3,Real Madrid,33669.0,RCDE Stadium,Alejandro Muñíz,Match Report,
22.0,Sun,2025-02-02,14:00,Barcelona,1.0,1–0,0.1,Alavés,42900.0,Estadi Olímpic Lluís Companys,José Luis Munuera,Match Report,
22.0,Sun,2025-02-02,16:15,Valencia,1.6,2–1,0.4,Celta Vigo,42273.0,Estadio de Mestalla,Pablo González,Match Report,
22.0,Sun,2025-02-02,18:30,Osasuna,0.7,2–1,2.0,Real Sociedad,21678.0,Estadio El Sadar,Miguel Ángel Ortiz Arias,Match Report,
22.0,Sun,2025-02-02,21:00,Betis,1.1,2–2,1.4,Athletic Club,49292.0,Estadio Benito Villamarín,Juan Martínez,Match Report,
22.0,Mon,2025-02-03,21:00,Girona,2.0,2–1,1.5,Las Palmas,10088.0,Estadi Municipal de Montilivi,Mario Melero,Match Report,
23.0,Fri,2025-02-07,21:00,Rayo Vallecano,2.3,1–0,0.4,Valladolid,12286.0,Campo de Fútbol de Vallecas,Jesús Gil,Match Report,
23.0,Sat,2025-02-08,14:00,Celta Vigo,2.2,3–2,1.3,Betis,22651.0,Estadio Abanca Balaídos,Mateo Busquets,Match Report,
23.0,Sat,2025-02-08,16:15,Athletic Club,3.6,3–0,0.1,Girona,48261.0,San Mamés,Jose Maria Sánchez,Match Report,
23.0,Sat,2025-02-08,17:30,Las Palmas,1.4,1–2,0.9,Villarreal,22909.0,Estadio de Gran Canaria,Francisco Hernández,Match Report,
23.0,Sat,2025-02-08,21:00,Real Madrid,1.6,1–1,1.5,Atlético Madrid,78082.0,Estadio Santiago Bernabéu,César Soto,Match Report,
23.0,Sun,2025-02-09,14:00,Alavés,1.4,0–1,0.9,Getafe,16236.0,Estadio de Mendizorroza,Isidro Díaz de Mera,Match Report,
23.0,Sun,2025-02-09,16:15,Valencia,1.9,2–0,0.5,Leganés,42312.0,Estadio de Mestalla,Guillermo Cuadra,Match Report,
23.0,Sun,2025-02-09,18:30,Real Sociedad,1.7,2–1,0.9,Espanyol,29478.0,Reale Arena,Javier Alberola,Match Report,
23.0,Sun,2025-02-09,21:00,Sevilla,0.7,1–4,1.9,Barcelona,38592.0,Estadio Ramón Sánchez Pizjuán,Alejandro Hernández,Match Report,
23.0,Mon,2025-02-10,21:00,Mallorca,1.3,1–1,1.4,Osasuna,15378.0,Estadi Mallorca Son Moix,Adrián Cordero,Match Report,
24.0,Fri,2025-02-14,21:00,Girona,0.9,1–2,0.6,Getafe,10354.0,Estadi Municipal de Montilivi,Alejandro Quintero,Match Report,
24.0,Sat,2025-02-15,14:00,Leganés,1.8,3–3,1.7,Alavés,10681.0,Estadio Municipal de Butarque,Pablo González,Match Report,
24.0,Sat,2025-02-15,16:15,Osasuna,1.4,1–1,1.4,Real Madrid,22390.0,Estadio El Sadar,José Luis Munuera,Match Report,
24.0,Sat,2025-02-15,18:30,Atlético Madrid,0.6,1–1,1.7,Celta Vigo,64211.0,Riyadh Air Metropolitan Stadium,Juan Martínez,Match Report,
24.0,Sat,2025-02-15,21:00,Villarreal,1.3,1–1,1.1,Valencia,19701.0,Estadio de la Cerámica,Ricardo de Burgos,Match Report,
24.0,Sun,2025-02-16,14:00,Espanyol,0.8,1–1,1.0,Athletic Club,26645.0,RCDE Stadium,Guillermo Cuadra,Match Report,
24.0,Sun,2025-02-16,16:15,Valladolid,0.5,0–4,1.1,Sevilla,22123.0,Estadio Municipal José Zorrilla,Javier Alberola,Match Report,
24.0,Sun,2025-02-16,18:30,Mallorca,1.7,3–1,0.8,Las Palmas,18475.0,Estadi Mallorca Son Moix,Miguel Ángel Ortiz Arias,Match Report,
24.0,Sun,2025-02-16,21:00,Betis,2.3,3–0,0.3,Real Sociedad,48758.0,Estadio Benito Villamarín,Jesús Gil,Match Report,
24.0,Mon,2025-02-17,21:00,Barcelona,2.3,1–0,1.0,Rayo Vallecano,45296.0,Estadi Olímpic Lluís Companys,Mario Melero,Match Report,
25.0,Fri,2025-02-21,21:00,Celta Vigo,1.8,1–0,1.2,Osasuna,22005.0,Estadio Abanca Balaídos,Jose Maria Sánchez,Match Report,
25.0,Sat,2025-02-22,14:00,Alavés,1.8,0–1,0.4,Espanyol,17068.0,Estadio de Mendizorroza,Juan Pulido,Match Report,
25.0,Sat,2025-02-22,16:15,Rayo Vallecano,0.6,0–1,0.6,Villarreal,13373.0,Campo de Fútbol de Vallecas,Víctor García,Match Report,
25.0,Sat,2025-02-22,18:30,Valencia,0.8,0–3,1.3,Atlético Madrid,46297.0,Estadio de Mestalla,Mateo Busquets,Match Report,
25.0,Sat,2025-02-22,20:00,Las Palmas,0.4,0–2,1.4,Barcelona,30746.0,Estadio de Gran Canaria,Adrián Cordero,Match Report,
25.0,Sun,2025-02-23,14:00,Athletic Club,3.8,7–1,0.5,Valladolid,47715.0,San Mamés,César Soto,Match Report,
25.0,Sun,2025-02-23,16:15,Real Madrid,2.2,2–0,0.4,Girona,74028.0,Estadio Santiago Bernabéu,Guillermo Cuadra,Match Report,
25.0,Sun,2025-02-23,18:30,Getafe,1.2,1–2,2.0,Betis,13964.0,Coliseum Alfonso Pérez,Javier Alberola,Match Report,
25.0,Sun,2025-02-23,21:00,Real Sociedad,0.7,3–0,0.3,Leganés,22533.0,Reale Arena,Francisco Hernández,Match Report,
25.0,Mon,2025-02-24,21:00,Sevilla,1.3,1–1,2.3,Mallorca,35424.0,Estadio Ramón Sánchez Pizjuán,Alejandro Muñíz,Match Report,
26.0,Fri,2025-02-28,21:00,Valladolid,1.8,1–1,0.2,Las Palmas,16024.0,Estadio Municipal José Zorrilla,Ricardo de Burgos,Match Report,
26.0,Sat,2025-03-01,14:00,Girona,0.7,2–2,1.8,Celta Vigo,11449.0,Estadi Municipal de Montilivi,Miguel Ángel Ortiz Arias,Match Report,
26.0,Sat,2025-03-01,16:15,Rayo Vallecano,2.8,1–1,0.6,Sevilla,11947.0,Campo de Fútbol de Vallecas,Pablo González,Match Report,
26.0,Sat,2025-03-01,18:30,Betis,2.4,2–1,0.9,Real Madrid,55873.0,Estadio Benito Villamarín,Alejandro Hernández,Match Report,
26.0,Sat,2025-03-01,21:00,Atlético Madrid,2.2,1–0,1.1,Athletic Club,63810.0,Riyadh Air Metropolitan Stadium,Jesús Gil,Match Report,
26.0,Sun,2025-03-02,14:00,Leganés,1.0,1–0,0.3,Getafe,10311.0,Estadio Municipal de Butarque,Alejandro Muñíz,Match Report,
26.0,Sun,2025-03-02,16:15,Barcelona,2.8,4–0,0.0,Real Sociedad,46324.0,Estadi Olímpic Lluís Companys,Alejandro Quintero,Match Report,
26.0,Sun,2025-03-02,18:30,Mallorca,1.1,1–1,1.6,Alavés,17702.0,Estadi Mallorca Son Moix,César Soto,Match Report,
26.0,Sun,2025-03-02,21:00,Osasuna,1.5,3–3,1.8,Valencia,19230.0,Estadio El Sadar,Mario Melero,Match Report,
27.0,Sat,2025-03-08,14:00,Celta Vigo,0.9,2–1,1.0,Leganés,17326.0,Estadio Abanca Balaídos,Isidro Díaz de Mera,Match Report,
27.0,Sat,2025-03-08,16:15,Alavés,1.0,1–0,2.8,Villarreal,16582.0,Estadio de Mendizorroza,Miguel Ángel Ortiz Arias,Match Report,
27.0,Sat,2025-03-08,18:30,Valencia,1.9,2–1,0.9,Valladolid,41720.0,Estadio de Mestalla,Juan Pulido,Match Report,
27.0,Sun,2025-03-09,14:00,Getafe,1.2,2–1,0.9,Atlético Madrid,12862.0,Coliseum Alfonso Pérez,Guillermo Cuadra,Match Report,
27.0,Sun,2025-03-09,16:15,Real Madrid,1.5,2–1,1.0,Rayo Vallecano,74170.0,Estadio Santiago Bernabéu,Francisco Hernández,Match Report,
27.0,Sun,2025-03-09,18:30,Betis,2.3,1–0,0.6,Las Palmas,49292.0,Estadio Benito Villamarín,Jose Maria Sánchez,Match Report,
27.0,Sun,2025-03-09,18:30,Athletic Club,0.7,1–1,0.5,Mallorca,48203.0,San Mamés,Alejandro Hernández,Match Report,
27.0,Sun,2025-03-09,21:00,Real Sociedad,0.7,0–1,0.6,Sevilla,25478.0,Reale Arena,Víctor García,Match Report,
27.0,Mon,2025-03-10,21:00,Espanyol,0.2,1–1,1.6,Girona,23997.0,RCDE Stadium,Adrián Cordero,Match Report,
28.0,Fri,2025-03-14,20:00,Las Palmas,1.8,2–2,1.7,Alavés,17566.0,Estadio de Gran Canaria,Mario Melero,Match Report,
28.0,Sat,2025-03-15,14:00,Valladolid,0.7,0–1,1.5,Celta Vigo,17521.0,Estadio Municipal José Zorrilla,Víctor García,Match Report,
28.0,Sat,2025-03-15,16:15,Mallorca,2.7,2–1,0.2,Espanyol,18240.0,Estadi Mallorca Son Moix,Alejandro Quintero,Match Report,
28.0,Sat,2025-03-15,18:30,Villarreal,1.6,1–2,1.1,Real Madrid,20559.0,Estadio de la Cerámica,Jesús Gil,Match Report,
28.0,Sat,2025-03-15,21:00,Girona,0.9,1–1,1.0,Valencia,10262.0,Estadi Municipal de Montilivi,José Luis Munuera,Match Report,
28.0,Sun,2025-03-16,14:00,Leganés,1.3,2–3,2.7,Betis,11691.0,Estadio Municipal de Butarque,César Soto,Match Report,
28.0,Sun,2025-03-16,16:15,Sevilla,0.5,0–1,1.3,Athletic Club,37016.0,Estadio Ramón Sánchez Pizjuán,Juan Pulido,Match Report,
28.0,Sun,2025-03-16,18:30,Osasuna,1.9,1–2,0.5,Getafe,19611.0,Estadio El Sadar,Alejandro Hernández,Match Report,
28.0,Sun,2025-03-16,18:30,Rayo Vallecano,0.6,2–2,0.6,Real Sociedad,12364.0,Campo de Fútbol de Vallecas,Alejandro Muñíz,Match Report,
28.0,Sun,2025-03-16,21:00,Atlético Madrid,1.4,2–4,1.3,Barcelona,67602.0,Riyadh Air Metropolitan Stadium,Ricardo de Burgos,Match Report,
27.0,Thu,2025-03-27,21:00,Barcelona,3.7,3–0,0.4,Osasuna,42319.0,Estadi Olímpic Lluís Companys,Mateo Busquets,Match Report,
29.0,Sat,2025-03-29,14:00,Real Sociedad,0.7,2–1,0.7,Valladolid,28151.0,Reale Arena,Adrián Cordero,Match Report,
29.0,Sat,2025-03-29,16:15,Espanyol,1.0,1–1,0.8,Atlético Madrid,30559.0,RCDE Stadium,Javier Alberola,Match Report,
29.0,Sat,2025-03-29,18:30,Alavés,1.5,0–2,0.6,Rayo Vallecano,18336.0,Estadio de Mendizorroza,José Luis Munuera,Match Report,
29.0,Sat,2025-03-29,21:00,Real Madrid,2.9,3–2,2.4,Leganés,73641.0,Estadio Santiago Bernabéu,Pablo González,Match Report,
29.0,Sun,2025-03-30,14:00,Getafe,1.0,1–2,1.2,Villarreal,11406.0,Coliseum Alfonso Pérez,Isidro Díaz de Mera,Match Report,
29.0,Sun,2025-03-30,16:15,Barcelona,2.3,4–1,0.5,Girona,48258.0,Estadi Olímpic Lluís Companys,Juan Pulido,Match Report,
29.0,Sun,2025-03-30,18:30,Valencia,0.7,1–0,0.6,Mallorca,44082.0,Estadio de Mestalla,Francisco Hernández,Match Report,
29.0,Sun,2025-03-30,18:30,Athletic Club,0.7,0–0,0.4,Osasuna,49671.0,San Mamés,Guillermo Cuadra,Match Report,
29.0,Sun,2025-03-30,21:00,Betis,1.1,2–1,0.7,Sevilla,58538.0,Estadio Benito Villamarín,Mateo Busquets,Match Report,
29.0,Mon,2025-03-31,21:00,Celta Vigo,1.0,1–1,0.3,Las Palmas,18549.0,Estadio Abanca Balaídos,Juan Martínez,Match Report,
30.0,Fri,2025-04-04,21:00,Rayo Vallecano,0.7,0–4,3.4,Espanyol,11905.0,Campo de Fútbol de Vallecas,Alejandro Hernández,Match Report,
30.0,Sat,2025-04-05,14:00,Girona,1.4,0–1,0.8,Alavés,11384.0,Estadi Municipal de Montilivi,Alejandro Muñíz,Match Report,
30.0,Sat,2025-04-05,16:15,Real Madrid,3.4,1–2,0.8,Valencia,75382.0,Estadio Santiago Bernabéu,Guillermo Cuadra,Match Report,
30.0,Sat,2025-04-05,18:30,Mallorca,0.5,1–2,0.8,Celta Vigo,18291.0,Estadi Mallorca Son Moix,Ricardo de Burgos,Match Report,
30.0,Sat,2025-04-05,21:00,Barcelona,1.4,1–1,0.3,Betis,47043.0,Estadi Olímpic Lluís Companys,Jesús Gil,Match Report,
30.0,Sun,2025-04-06,13:00,Las Palmas,2.0,1–3,2.4,Real Sociedad,22616.0,Estadio de Gran Canaria,Miguel Ángel Ortiz Arias,Match Report,
30.0,Sun,2025-04-06,16:15,Sevilla,0.9,1–2,1.3,Atlético Madrid,34505.0,Estadio Ramón Sánchez Pizjuán,César Soto,Match Report,
30.0,Sun,2025-04-06,18:30,Valladolid,0.6,0–4,1.9,Getafe,17737.0,Estadio Municipal José Zorrilla,Alejandro Quintero,Match Report,
30.0,Sun,2025-04-06,21:00,Villarreal,2.1,0–0,0.8,Athletic Club,19158.0,Estadio de la Cerámica,Mario Melero,Match Report,
30.0,Mon,2025-04-07,21:00,Leganés,1.7,1–1,2.2,Osasuna,10755.0,Estadio Municipal de Butarque,Víctor García,Match Report,
31.0,Fri,2025-04-11,21:00,Valencia,1.3,1–0,0.8,Sevilla,45618.0,Estadio de Mestalla,Jose Maria Sánchez,Match Report,
31.0,Sat,2025-04-12,14:00,Real Sociedad,0.7,0–2,0.7,Mallorca,29181.0,Reale Arena,José Luis Munuera,Match Report,
31.0,Sat,2025-04-12,16:15,Getafe,1.4,1–3,1.3,Las Palmas,8370.0,Coliseum Alfonso Pérez,Javier Alberola,Match Report,
31.0,Sat,2025-04-12,18:30,Celta Vigo,0.9,0–2,1.2,Espanyol,19801.0,Estadio Abanca Balaídos,Mateo Busquets,Match Report,
31.0,Sat,2025-04-12,21:00,Leganés,0.7,0–1,1.4,Barcelona,12530.0,Estadio Municipal de Butarque,Francisco Hernández,Match Report,
31.0,Sun,2025-04-13,14:00,Osasuna,1.7,2–1,0.9,Girona,20260.0,Estadio El Sadar,Pablo González,Match Report,
31.0,Sun,2025-04-13,16:15,Alavés,0.6,0–1,0.9,Real Madrid,19438.0,Estadio de Mendizorroza,César Soto,Match Report,
31.0,Sun,2025-04-13,18:30,Betis,1.4,1–2,1.3,Villarreal,54778.0,Estadio Benito Villamarín,Juan Pulido,Match Report,
31.0,Sun,2025-04-13,21:00,Athletic Club,1.6,3–1,1.6,Rayo Vallecano,47584.0,San Mamés,Adrián Cordero,Match Report,
31.0,Mon,2025-04-14,21:00,Atlético Madrid,3.4,4–2,1.2,Valladolid,55936.0,Riyadh Air Metropolitan Stadium,Isidro Díaz de Mera,Match Report,
32.0,Fri,2025-04-18,21:00,Espanyol,0.4,1–0,0.4,Getafe,25003.0,RCDE Stadium,Ricardo de Burgos,Match Report,
32.0,Sat,2025-04-19,14:00,Rayo Vallecano,0.5,1–1,2.0,Valencia,11308.0,Campo de Fútbol de Vallecas,Alejandro Quintero,Match Report,
32.0,Sat,2025-04-19,16:15,Barcelona,2.9,4–3,2.1,Celta Vigo,48569.0,Estadi Olímpic Lluís Companys,Mario Melero,Match Report,
32.0,Sat,2025-04-19,18:30,Mallorca,0.9,0–0,0.9,Leganés,17404.0,Estadi Mallorca Son Moix,Alejandro Muñíz,Match Report,
32.0,Sat,2025-04-19,20:00,Las Palmas,0.6,1–0,0.8,Atlético Madrid,27154.0,Estadio de Gran Canaria,Víctor García,Match Report,
32.0,Sun,2025-04-20,14:00,Valladolid,1.9,2–3,2.3,Osasuna,12230.0,Estadio Municipal José Zorrilla,Jesús Gil,Match Report,
32.0,Sun,2025-04-20,16:15,Villarreal,1.9,2–2,1.7,Real Sociedad,17620.0,Estadio de la Cerámica,Guillermo Cuadra,Match Report,
32.0,Sun,2025-04-20,18:30,Sevilla,1.6,1–1,1.0,Alavés,36436.0,Estadio Ramón Sánchez Pizjuán,Miguel Ángel Ortiz Arias,Match Report,
32.0,Sun,2025-04-20,21:00,Real Madrid,1.5,1–0,0.2,Athletic Club,72535.0,Estadio Santiago Bernabéu,Juan Martínez,Match Report,
32.0,Mon,2025-04-21,21:00,Girona,1.1,1–3,1.7,Betis,12535.0,Estadi Municipal de Montilivi,Alejandro Hernández,Match Report,
33.0,Tue,2025-04-22,19:00,Valencia,0.9,1–1,0.3,Espanyol,42448.0,Estadio de Mestalla,Juan Pulido,Match Report,
33.0,Tue,2025-04-22,21:30,Barcelona,3.3,1–0,0.3,Mallorca,45602.0,Estadi Olímpic Lluís Companys,Miguel Ángel Ortiz Arias,Match Report,
33.0,Wed,2025-04-23,19:00,Celta Vigo,2.7,3–0,0.4,Villarreal,19324.0,Estadio Abanca Balaídos,Javier Alberola,Match Report,
33.0,Wed,2025-04-23,19:00,Athletic Club,2.1,1–0,1.0,Las Palmas,47724.0,San Mamés,Isidro Díaz de Mera,Match Report,
33.0,Wed,2025-04-23,21:30,Alavés,0.6,1–0,0.8,Real Sociedad,17049.0,Estadio de Mendizorroza,Mateo Busquets,Match Report,
33.0,Wed,2025-04-23,21:30,Getafe,2.3,0–1,1.5,Real Madrid,15184.0,Coliseum Alfonso Pérez,Jose Maria Sánchez,Match Report,
33.0,Thu,2025-04-24,19:00,Osasuna,0.3,1–0,1.1,Sevilla,20555.0,Estadio El Sadar,Adrián Cordero,Match Report,
33.0,Thu,2025-04-24,19:00,Leganés,0.3,1–1,0.5,Girona,11595.0,Estadio Municipal de Butarque,José Luis Munuera,Match Report,
33.0,Thu,2025-04-24,21:30,Atlético Madrid,2.3,3–0,0.7,Rayo Vallecano,49410.0,Riyadh Air Metropolitan Stadium,Pablo González,Match Report,
33.0,Thu,2025-04-24,21:30,Betis,1.9,5–1,0.9,Valladolid,46458.0,Estadio Benito Villamarín,Francisco Hernández,Match Report,
26.0,Sun,2025-04-27,16:15,Villarreal,1.4,1–0,1.0,Espanyol,17236.0,Estadio de la Cerámica,José Luis Munuera,Match Report,
34.0,Fri,2025-05-02,21:00,Rayo Vallecano,1.2,1–0,0.9,Getafe,11648.0,Campo de Fútbol de Vallecas,Víctor García,Match Report,
34.0,Sat,2025-05-03,14:00,Alavés,0.5,0–0,0.5,Atlético Madrid,18117.0,Estadio de Mendizorroza,Juan Martínez,Match Report,
34.0,Sat,2025-05-03,16:15,Villarreal,2.2,4–2,1.2,Osasuna,17147.0,Estadio de la Cerámica,Alejandro Quintero,Match Report,
34.0,Sat,2025-05-03,17:30,Las Palmas,1.7,2–3,1.4,Valencia,24942.0,Estadio de Gran Canaria,Ricardo de Burgos,Match Report,
34.0,Sat,2025-05-03,21:00,Valladolid,0.6,1–2,1.9,Barcelona,23967.0,Estadio Municipal José Zorrilla,Alejandro Muñíz,Match Report,
34.0,Sun,2025-05-04,14:00,Real Madrid,2.2,3–2,1.8,Celta Vigo,67661.0,Estadio Santiago Bernabéu,Jesús Gil,Match Report,
34.0,Sun,2025-05-04,16:15,Sevilla,2.7,2–2,0.6,Leganés,35495.0,Estadio Ramón Sánchez Pizjuán,Alejandro Hernández,Match Report,
34.0,Sun,2025-05-04,18:30,Espanyol,1.2,1–2,1.1,Betis,29126.0,RCDE Stadium,Guillermo Cuadra,Match Report,
34.0,Sun,2025-05-04,21:00,Real Sociedad,0.9,0–0,0.2,Athletic Club,36058.0,Reale Arena,César Soto,Match Report,
34.0,Mon,2025-05-05,21:00,Girona,1.3,1–0,0.5,Mallorca,7721.0,Estadi Municipal de Montilivi,Mario Melero,Match Report,
35.0,Fri,2025-05-09,20:00,Las Palmas,0.7,0–1,1.2,Rayo Vallecano,20577.0,Estadio de Gran Canaria,Francisco Hernández,Match Report,
35.0,Sat,2025-05-10,14:00,Valencia,2.7,3–0,0.5,Getafe,43357.0,Estadio de Mestalla,Adrián Cordero,Match Report,
35.0,Sat,2025-05-10,16:15,Celta Vigo,0.9,3–2,2.3,Sevilla,20281.0,Estadio Abanca Balaídos,Pablo González,Match Report,
35.0,Sat,2025-05-10,18:30,Mallorca,1.0,2–1,1.8,Valladolid,16018.0,Estadi Mallorca Son Moix,Juan Pulido,Match Report,
35.0,Sat,2025-05-10,18:30,Girona,0.2,0–1,2.0,Villarreal,12011.0,Estadi Municipal de Montilivi,Isidro Díaz de Mera,Match Report,
35.0,Sat,2025-05-10,21:00,Atlético Madrid,1.4,4–0,0.6,Real Sociedad,59612.0,Riyadh Air Metropolitan Stadium,Jose Maria Sánchez,Match Report,
35.0,Sun,2025-05-11,14:00,Leganés,1.5,3–2,1.2,Espanyol,11669.0,Estadio Municipal de Butarque,Javier Alberola,Match Report,
35.0,Sun,2025-05-11,16:15,Barcelona,4.2,4–3,2.7,Real Madrid,50319.0,Estadi Olímpic Lluís Companys,Alejandro Hernández,Match Report,
35.0,Sun,2025-05-11,18:30,Athletic Club,1.3,1–0,0.4,Alavés,47947.0,San Mamés,José Luis Munuera,Match Report,
35.0,Sun,2025-05-11,21:00,Betis,0.4,1–1,2.0,Osasuna,52839.0,Estadio Benito Villamarín,Miguel Ángel Ortiz Arias,Match Report,
36.0,Tue,2025-05-13,19:00,Valladolid,0.9,0–1,1.4,Girona,12664.0,Estadio Municipal José Zorrilla,Alejandro Quintero,Match Report,
36.0,Tue,2025-05-13,20:00,Real Sociedad,1.7,0–1,1.1,Celta Vigo,25124.0,Reale Arena,Víctor García,Match Report,
36.0,Tue,2025-05-13,21:30,Sevilla,1.3,1–0,0.5,Las Palmas,37078.0,Estadio Ramón Sánchez Pizjuán,Juan Martínez,Match Report,
36.0,Wed,2025-05-14,19:00,Alavés,1.8,1–0,0.8,Valencia,17626.0,Estadio de Mendizorroza,Jesús Gil,Match Report,
36.0,Wed,2025-05-14,19:00,Villarreal,1.6,3–0,1.1,Leganés,17067.0,Estadio de la Cerámica,Ricardo de Burgos,Match Report,
36.0,Wed,2025-05-14,21:30,Real Madrid,2.6,2–1,0.5,Mallorca,60753.0,Estadio Santiago Bernabéu,Javier Alberola,Match Report,
36.0,Thu,2025-05-15,19:00,Rayo Vallecano,1.2,2–2,1.2,Betis,13480.0,Campo de Fútbol de Vallecas,Pablo González,Match Report,
36.0,Thu,2025-05-15,19:00,Osasuna,0.6,2–0,1.4,Atlético Madrid,21171.0,Estadio El Sadar,Mario Melero,Match Report,
36.0,Thu,2025-05-15,21:30,Getafe,0.4,0–2,1.2,Athletic Club,11564.0,Coliseum Alfonso Pérez,Guillermo Cuadra,Match Report,
36.0,Thu,2025-05-15,21:30,Espanyol,1.4,0–2,0.6,Barcelona,34283.0,RCDE Stadium,César Soto,Match Report,
37.0,Sun,2025-05-18,18:00,Las Palmas,0.6,0–1,1.5,Leganés,11279.0,Estadio de Gran Canaria,Jose Maria Sánchez,Match Report,
37.0,Sun,2025-05-18,19:00,Mallorca,0.4,1–2,1.6,Getafe,18124.0,Estadi Mallorca Son Moix,Alejandro Hernández,Match Report,
37.0,Sun,2025-05-18,19:00,Valencia,0.4,0–1,1.1,Athletic Club,45641.0,Estadio de Mestalla,Alejandro Muñíz,Match Report,
37.0,Sun,2025-05-18,19:00,Atlético Madrid,4.8,4–1,0.9,Betis,62269.0,Riyadh Air Metropolitan Stadium,Adrián Cordero,Match Report,
37.0,Sun,2025-05-18,19:00,Osasuna,1.2,2–0,0.7,Espanyol,21131.0,Estadio El Sadar,Francisco Hernández,Match Report,
37.0,Sun,2025-05-18,19:00,Barcelona,1.4,2–3,1.8,Villarreal,49558.0,Estadi Olímpic Lluís Companys,José Luis Munuera,Match Report,
37.0,Sun,2025-05-18,19:00,Valladolid,1.6,0–1,1.4,Alavés,14506.0,Estadio Municipal José Zorrilla,Isidro Díaz de Mera,Match Report,
37.0,Sun,2025-05-18,19:00,Real Sociedad,2.0,3–2,2.3,Girona,28315.0,Reale Arena,Miguel Ángel Ortiz Arias,Match Report,
37.0,Sun,2025-05-18,19:00,Sevilla,0.5,0–2,2.0,Real Madrid,32500.0,Estadio Ramón Sánchez Pizjuán,Mateo Busquets,Match Report,
37.0,Sun,2025-05-18,19:00,Celta Vigo,2.4,1–2,1.2,Rayo Vallecano,21482.0,Estadio Abanca Balaídos,Juan Pulido,Match Report,
38.0,Fri,2025-05-23,21:00,Betis,0.9,1–1,0.7,Valencia,51141.0,Estadio Benito Villamarín,Víctor García,Match Report,
38.0,Sat,2025-05-24,16:15,Real Madrid,2.6,2–0,0.8,Real Sociedad,73186.0,Estadio Santiago Bernabéu,Mario Melero,Match Report,
38.0,Sat,2025-05-24,18:30,Leganés,2.1,3–0,0.4,Valladolid,11523.0,Estadio Municipal de Butarque,César Soto,Match Report,
38.0,Sat,2025-05-24,18:30,Espanyol,2.0,2–0,0.5,Las Palmas,32511.0,RCDE Stadium,Alejandro Muñíz,Match Report,
38.0,Sat,2025-05-24,21:00,Rayo Vallecano,2.2,0–0,0.6,Mallorca,13854.0,Campo de Fútbol de Vallecas,Ricardo de Burgos,Match Report,
38.0,Sat,2025-05-24,21:00,Alavés,2.0,1–1,1.6,Osasuna,19274.0,Estadio de Mendizorroza,Guillermo Cuadra,Match Report,
38.0,Sat,2025-05-24,21:00,Getafe,0.4,1–2,1.5,Celta Vigo,12862.0,Coliseum Alfonso Pérez,Juan Martínez,Match Report,
38.0,Sun,2025-05-25,14:00,Girona,0.0,0–4,2.7,Atlético Madrid,11546.0,Estadi Municipal de Montilivi,Jesús Gil,Match Report,
38.0,Sun,2025-05-25,16:15,Villarreal,1.1,4–2,1.5,Sevilla,17758.0,Estadio de la Cerámica,Javier Alberola,Match Report,
38.0,Sun,2025-05-25,21:00,Athletic Club,1.2,0–3,3.5,Barcelona,50231.0,San Mamés,Pablo González,Match Report,
